GLY,+0.000000,+0.000000,+0.000000
VAL,+0.000000,+1.000000,+0.000000
PRO,-0.938157,+0.653790,+0.000000
ILE,-1.035245,-0.341307,-0.018883
ASN,-1.653140,-0.331985,+0.767322
VAL,-0.770455,+0.110098,+0.926791
SER,-1.136402,+0.741760,+1.610228
CYS,-0.585103,+1.201620,+0.914097
THR,+0.133328,+1.241135,+1.608573
GLY,+0.254788,+0.483192,+0.967659
SER,+0.902247,-0.015699,+1.543770
PRO,+0.718341,-0.472752,+0.673551
GLN,+0.357785,-1.095890,+1.367596
CYS,-0.315085,-0.850078,+0.669870
ILE,+0.202872,-1.102190,-0.147541
LYS,+0.199691,-1.375306,-1.109516
PRO,-0.357344,-0.573041,-0.894849
CYS,-1.276125,-0.967807,-0.895816
LYS,-2.163256,-0.973576,-1.357298
ASP,-2.252758,+0.021650,-1.318393
ALA,-1.325158,+0.148208,-0.966909
GLY,-0.387177,+0.486408,-0.890667
MET,-0.121393,+1.441263,-1.023376
ARG,-0.404376,+2.395479,-1.120283
PHE,-1.373928,+2.256459,-0.918682
GLY,-1.213006,+1.272088,-0.847147
LYS,-1.734855,+1.328874,-1.698292
CYS,-0.870573,+0.834800,-1.792672
MET,+0.119812,+0.703352,-1.835784
ASN,+0.999704,+0.730082,-2.310205
ARG,+1.931113,+0.907569,-1.992437
LYS,+1.504336,+1.121879,-1.113840
CYS,+0.672193,+0.633369,-0.851361
HIS,+1.241490,-0.032528,-1.333525
CYS,+0.953844,-0.352711,-0.430894
THR,+1.817639,+0.110023,-0.231558
PRO,+1.020010,+0.539032,+0.192399
LYS,+1.701253,+1.271085,+0.195094